﻿pos_x,pos_y,rotation,side,designator,mpn,pack,footprint,value,mount_type
121.0,-111.635,0.0,top,A1,,,PAW3395,~,tht
113.87,-120.93,0.0,bottom,C1,,,C_0805_2012Metric_Pad1.18x1.45mm_HandSolder,4.7uF,smt
135.5875,-132.01,180.0,bottom,C10,,,C_0805_2012Metric_Pad1.18x1.45mm_HandSolder,10uF,smt
135.5875,-135.02,180.0,bottom,C11,,,C_0805_2012Metric_Pad1.18x1.45mm_HandSolder,1uF,smt
115.55,-78.15,90.0,top,C12,,,C_0805_2012Metric_Pad1.18x1.45mm_HandSolder,10uF,smt
113.9625,-101.37,0.0,top,C13,,,C_0805_2012Metric_Pad1.18x1.45mm_HandSolder,100nF,smt
113.9625,-104.38,0.0,top,C14,,,C_0805_2012Metric_Pad1.18x1.45mm_HandSolder,100nF,smt
121.65,-139.05,0.0,bottom,C15,,,C_0805_2012Metric_Pad1.18x1.45mm_HandSolder,10uF,smt
121.5625,-135.8,0.0,bottom,C16,,,C_0805_2012Metric_Pad1.18x1.45mm_HandSolder,10uF,smt
121.55,-132.55,0.0,bottom,C17,,,C_0805_2012Metric_Pad1.18x1.45mm_HandSolder,1uF,smt
119.0625,-77.23,0.0,top,C18,,,C_0805_2012Metric_Pad1.18x1.45mm_HandSolder,10uF,smt
134.02,-76.38,0.0,bottom,C19,,,C_0805_2012Metric_Pad1.18x1.45mm_HandSolder,100nF,smt
113.87,-123.94,0.0,bottom,C2,,,C_0805_2012Metric_Pad1.18x1.45mm_HandSolder,100nF,smt
134.02,-79.39,0.0,bottom,C20,,,C_0805_2012Metric_Pad1.18x1.45mm_HandSolder,100nF,smt
134.02,-82.4,0.0,bottom,C21,,,C_0805_2012Metric_Pad1.18x1.45mm_HandSolder,100nF,smt
134.02,-85.41,0.0,bottom,C22,,,C_0805_2012Metric_Pad1.18x1.45mm_HandSolder,100nF,smt
114.35,-83.6,0.0,bottom,C23,,,C_0805_2012Metric_Pad1.18x1.45mm_HandSolder,100nF,smt
137.7,-95.3,90.0,bottom,C24,,,C_0805_2012Metric_Pad1.18x1.45mm_HandSolder,12pF,smt
140.71,-95.3,90.0,bottom,C25,,,C_0805_2012Metric_Pad1.18x1.45mm_HandSolder,12pF,smt
143.72,-95.3,90.0,bottom,C26,,,C_0805_2012Metric_Pad1.18x1.45mm_HandSolder,12pF,smt
146.73,-95.3,90.0,bottom,C27,,,C_0805_2012Metric_Pad1.18x1.45mm_HandSolder,12pF,smt
113.9625,-107.39,0.0,top,C28,,,C_0805_2012Metric_Pad1.18x1.45mm_HandSolder,100nF,smt
113.9625,-110.4,0.0,top,C29,,,C_0805_2012Metric_Pad1.18x1.45mm_HandSolder,4.7μF,smt
113.87,-126.95,0.0,bottom,C3,,,C_0805_2012Metric_Pad1.18x1.45mm_HandSolder,10uF,smt
113.9625,-113.41,0.0,top,C30,,,C_0805_2012Metric_Pad1.18x1.45mm_HandSolder,1.0μF,smt
119.1125,-80.65,0.0,bottom,C31,,,C_0805_2012Metric_Pad1.18x1.45mm_HandSolder,100nF,smt
113.9125,-116.48,0.0,top,C32,,,C_0805_2012Metric_Pad1.18x1.45mm_HandSolder,1.0μF,smt
113.9125,-119.49,0.0,top,C33,,,C_0805_2012Metric_Pad1.18x1.45mm_HandSolder,N.C.,smt
113.9125,-122.5,0.0,top,C34,,,C_0805_2012Metric_Pad1.18x1.45mm_HandSolder,100pF,smt
113.9125,-125.51,0.0,top,C35,,,C_0805_2012Metric_Pad1.18x1.45mm_HandSolder,0.8pF,smt
143.65,-113.7,180.0,top,C36,,,C_0805_2012Metric_Pad1.18x1.45mm_HandSolder,0.5pF,smt
133.9,-99.08,0.0,top,C37,,,C_0805_2012Metric_Pad1.18x1.45mm_HandSolder,N.C.,smt
133.9,-102.09,0.0,top,C38,,,C_0805_2012Metric_Pad1.18x1.45mm_HandSolder,100nF,smt
133.9,-105.1,0.0,top,C39,,,C_0805_2012Metric_Pad1.18x1.45mm_HandSolder,4.7μF,smt
113.87,-129.96,0.0,bottom,C4,,,C_0805_2012Metric_Pad1.18x1.45mm_HandSolder,100nF,smt
113.97,-101.33,0.0,bottom,C40,,,C_0805_2012Metric_Pad1.18x1.45mm_HandSolder,10uF,smt
113.97,-104.34,0.0,bottom,C41,,,C_0805_2012Metric_Pad1.18x1.45mm_HandSolder,10uF,smt
113.97,-107.35,0.0,bottom,C42,,,C_0805_2012Metric_Pad1.18x1.45mm_HandSolder,1uF,smt
119.0625,-83.25,0.0,top,C43,,,C_0805_2012Metric_Pad1.18x1.45mm_HandSolder,10uF,smt
113.87,-132.97,0.0,bottom,C5,,,C_0805_2012Metric_Pad1.18x1.45mm_HandSolder,100nF,smt
113.87,-135.98,0.0,bottom,C6,,,C_0805_2012Metric_Pad1.18x1.45mm_HandSolder,10uF,smt
113.87,-138.99,0.0,bottom,C7,,,C_0805_2012Metric_Pad1.18x1.45mm_HandSolder,33uF,smt
126.1125,-135.1,0.0,top,C8,,,C_0805_2012Metric_Pad1.18x1.45mm_HandSolder,10uF,smt
135.5875,-129.0,180.0,bottom,C9,,,C_0805_2012Metric_Pad1.18x1.45mm_HandSolder,10uF,smt
114.05,-114.05,0.0,bottom,D1,,,D_SOD-123F,MBR1020VL,smt
131.2,-129.2,180.0,bottom,D2,,,D_SOD-123F,MBR1020VL,smt
126.0,-139.05,0.0,bottom,D3,,,D_SOD-123F,MBR1020VL,smt
114.1,-117.8,0.0,bottom,D4,,,D_SOD-123F,MBR1020VL,smt
125.95,-135.5,0.0,bottom,D5,,,D_SOD-123F,MBR1020VL,smt
131.25,-132.5,180.0,bottom,D6,,,D_SOD-123F,MBR1020VL,smt
113.95,-136.35,0.0,top,J2,,,JSTPH2PINSMTRIGHTANGLECONNECTOR,JSTPH,smt
126.45,-78.8,0.0,bottom,J3,,,USB_C_Receptacle_Amphenol_12401548E4-2A,USB_C_Receptacle_USB2.0_14P,smt
133.9,-85.5,0.0,top,L1,,,L_0805_2012Metric_Pad1.05x1.20mm_HandSolder,10μH,smt
133.98,-76.875,0.0,top,L2,,,L_0805_2012Metric_Pad1.05x1.20mm_HandSolder,15nH,smt
141.3,-120.7082,-90.0,top,L3,,,L_0805_2012Metric_Pad1.05x1.20mm_HandSolder,3.3nH,smt
133.98,-82.375,0.0,top,L4,,,L_0805_2012Metric_Pad1.05x1.20mm_HandSolder,10μH,smt
126.75,-103.2,0.0,top,LED1,SK6812MINI-E,,SK6812MINIE,SK6812MINI-E,smt
109.75,-126.95,0.0,bottom,R1,,,R_0805_2012Metric_Pad1.20x1.40mm_HandSolder,10kΩ,smt
138.8,-79.3,0.0,bottom,R10,,,R_0805_2012Metric_Pad1.20x1.40mm_HandSolder,10kΩ,smt
138.8,-82.25,0.0,bottom,R11,,,R_0805_2012Metric_Pad1.20x1.40mm_HandSolder,10kΩ,smt
138.8,-85.2,0.0,bottom,R12,,,R_0805_2012Metric_Pad1.20x1.40mm_HandSolder,10kΩ,smt
119.13,-83.6,0.0,bottom,R13,,,R_0805_2012Metric_Pad1.20x1.40mm_HandSolder,10kΩ,smt
109.75,-129.9,0.0,bottom,R2,,,R_0805_2012Metric_Pad1.20x1.40mm_HandSolder,5.6Ω,smt
118.15,-101.4,0.0,top,R20,,,R_0805_2012Metric_Pad1.20x1.40mm_HandSolder,10kΩ,smt
118.15,-104.35,0.0,top,R21,,,R_0805_2012Metric_Pad1.20x1.40mm_HandSolder,10kΩ,smt
122.0,-135.1,0.0,top,R3,,,R_0805_2012Metric_Pad1.20x1.40mm_HandSolder,2kΩ,smt
114.0,-110.6,0.0,bottom,R4,,,R_0805_2012Metric_Pad1.20x1.40mm_HandSolder,100kΩ,smt
135.65,-138.15,180.0,bottom,R5,,,R_0805_2012Metric_Pad1.20x1.40mm_HandSolder,100kΩ,smt
114.3,-80.6,0.0,bottom,R6,,,R_0805_2012Metric_Pad1.20x1.40mm_HandSolder,5.1kΩ,smt
121.5,-129.35,0.0,bottom,R8,,,R_0805_2012Metric_Pad1.20x1.40mm_HandSolder,100kΩ,smt
138.8,-76.35,0.0,bottom,R9,,,R_0805_2012Metric_Pad1.20x1.40mm_HandSolder,10kΩ,smt
110.3,-91.78,180.0,top,SW1,,,SW_Tactile_SPDT_Omron_D2F,SW_SPST,tht
141.95,-91.78,180.0,top,SW2,,,SW_Tactile_SPDT_Omron_D2F,SW_SPST,tht
130.65,-95.1,90.0,top,SW3,,,SW_PUSH_6mm,SW_SPST,tht
108.3,-97.1,0.0,top,SW4,,,SW_Tactile_SPDT_Omron_D2F,SW_SPST,tht
108.3,-122.73,180.0,top,SW5,,,SW_Tactile_SPDT_Omron_D2F,SW_SPST,tht
106.37,-131.75,0.0,top,SW6,,,C_0402_1005Metric,SW_SPST,smt
106.42,-134.1,0.0,top,SW7,,,C_0402_1005Metric,SW_SPST,smt
116.8,-89.7,-90.0,top,SW8,,,EC10E1220503,RotaryEncoder,tht
133.8,-101.85,90.0,bottom,SW9,,,SW_SPST_CK_RS282G05A3,SW_SPST,smt
131.2875,-136.65,180.0,bottom,U2,,,SOT-23-5,SPX3819M5-L-3-3,smt
121.9625,-131.15,0.0,top,U3,,,SOT-23-5,MCP73831-2-OT,smt
125.5625,-131.15,0.0,bottom,U4,,,SOT-23-5,TLV70019_SOT23-5,smt
141.55,-106.75,0.0,top,U5,,,Nordic_AQFN-73-1EP_7x7mm_P0.5mm,nRF52840,smt
119.05,-103.35,0.0,bottom,U6,,,SOT-23-5,SPX3819M5-L-5-0,smt
138.95,-99.6,0.0,top,Y1,,,FC135327680KAA,32.768 Hz,smt
144.85,-99.6,0.0,top,Y2,,,ABM8A32000MHZD2YT3,32 Hz,smt
