﻿Designator,Quantity,Value,Footprint,Package,MPN,DNP,Mount_Type,Description,Height,Manufacturer_Name
A1,1,~,PAW3395,,,,tht,,,
C1,1,4.7uF,C_0805_2012Metric_Pad1.18x1.45mm_HandSolder,,,,smt,Unpolarized capacitor,,
"C10, C12, C15, C16, C18, C3, C40, C41, C43, C6, C8, C9",12,10uF,C_0805_2012Metric_Pad1.18x1.45mm_HandSolder,,,,smt,Unpolarized capacitor,,
"C11, C17, C42",3,1uF,C_0805_2012Metric_Pad1.18x1.45mm_HandSolder,,,,smt,Unpolarized capacitor,,
"C13, C14, C19, C2, C20, C21, C22, C23, C28, C31, C38, C4, C5",13,100nF,C_0805_2012Metric_Pad1.18x1.45mm_HandSolder,,,,smt,Unpolarized capacitor,,
"C24, C25, C26, C27",4,12pF,C_0805_2012Metric_Pad1.18x1.45mm_HandSolder,,,,smt,Unpolarized capacitor,,
"C29, C39",2,4.7μF,C_0805_2012Metric_Pad1.18x1.45mm_HandSolder,,,,smt,Unpolarized capacitor,,
"C30, C32",2,1.0μF,C_0805_2012Metric_Pad1.18x1.45mm_HandSolder,,,,smt,Unpolarized capacitor,,
C33,1,N.C.,C_0805_2012Metric_Pad1.18x1.45mm_HandSolder,,,Yes,smt,Unpolarized capacitor,,
C34,1,100pF,C_0805_2012Metric_Pad1.18x1.45mm_HandSolder,,,,smt,Unpolarized capacitor,,
C35,1,0.8pF,C_0805_2012Metric_Pad1.18x1.45mm_HandSolder,,,,smt,Unpolarized capacitor,,
C36,1,0.5pF,C_0805_2012Metric_Pad1.18x1.45mm_HandSolder,,,,smt,Unpolarized capacitor,,
C37,1,N.C.,C_0805_2012Metric_Pad1.18x1.45mm_HandSolder,,,Yes,smt,Unpolarized capacitor,,
C7,1,33uF,C_0805_2012Metric_Pad1.18x1.45mm_HandSolder,,,,smt,Unpolarized capacitor,,
"D1, D2, D3, D4, D5, D6",6,MBR1020VL,D_SOD-123F,,,,smt,"20V, 1A, 340 mV, Schottky Diode Rectifier, SOD-123F",,
J2,1,JSTPH,JSTPH2PINSMTRIGHTANGLECONNECTOR,,,,smt,"Generic connectable mounting pin connector, single row, 01x02, script generated (kicad-library-utils/schlib/autogen/connector/)",,
J3,1,USB_C_Receptacle_USB2.0_14P,USB_C_Receptacle_Amphenol_12401548E4-2A,,,,smt,USB 2.0-only 14P Type-C Receptacle connector,,
"L1, L4",2,10μH,L_0805_2012Metric_Pad1.05x1.20mm_HandSolder,,,,smt,Inductor,,
L2,1,15nH,L_0805_2012Metric_Pad1.05x1.20mm_HandSolder,,,,smt,Inductor,,
L3,1,3.3nH,L_0805_2012Metric_Pad1.05x1.20mm_HandSolder,,,,smt,Inductor,,
LED1,1,SK6812MINI-E,SK6812MINIE,,SK6812MINI-E,,smt,3.2x2.8x1.78 mm 0.2W Intelligent external control surface mount SMD LED (MSL:5a),1.88,Yellow Stone Corp.
"R1, R10, R11, R12, R13, R20, R21, R9",8,10kΩ,R_0805_2012Metric_Pad1.20x1.40mm_HandSolder,,,,smt,"Resistor, US symbol",,
R2,1,5.6Ω,R_0805_2012Metric_Pad1.20x1.40mm_HandSolder,,,,smt,"Resistor, US symbol",,
R3,1,2kΩ,R_0805_2012Metric_Pad1.20x1.40mm_HandSolder,,,,smt,"Resistor, US symbol",,
"R4, R5, R8",3,100kΩ,R_0805_2012Metric_Pad1.20x1.40mm_HandSolder,,,,smt,"Resistor, US symbol",,
R6,1,5.1kΩ,R_0805_2012Metric_Pad1.20x1.40mm_HandSolder,,,,smt,"Resistor, US symbol",,
"SW1, SW2, SW4, SW5",4,SW_SPST,SW_Tactile_SPDT_Omron_D2F,,,,tht,Single Pole Single Throw (SPST) switch,,
SW3,1,SW_SPST,SW_PUSH_6mm,,,,tht,Single Pole Single Throw (SPST) switch,,
"SW6, SW7",2,SW_SPST,C_0402_1005Metric,,,,smt,Single Pole Single Throw (SPST) switch,,
SW8,1,RotaryEncoder,EC10E1220503,,,,tht,"Rotary encoder, dual channel, incremental quadrate outputs",,
SW9,1,SW_SPST,SW_SPST_CK_RS282G05A3,,,,smt,Single Pole Single Throw (SPST) switch,,
U2,1,SPX3819M5-L-3-3,SOT-23-5,,,,smt,"500mA Low drop-out regulator, Fixed Output 3.3V, SOT-23-5",,
U3,1,MCP73831-2-OT,SOT-23-5,,,,smt,"Single cell, Li-Ion/Li-Po charge management controller, 4.20V, Tri-State Status Output, in SOT23-5 package",,
U4,1,TLV70019_SOT23-5,SOT-23-5,,,,smt,"200mA Low Dropout Voltage Regulator, Fixed Output 1.9V, SOT-23-5",,
U5,1,nRF52840,Nordic_AQFN-73-1EP_7x7mm_P0.5mm,,,,smt,"Multiprotocol BLE/ANT/2.4 GHz/802.15.4 Cortex-M4F SoC, AQFN-73",,
U6,1,SPX3819M5-L-5-0,SOT-23-5,,,,smt,"500mA Low drop-out regulator, Fixed Output 5.0V, SOT-23-5",,
Y1,1,32.768 Hz,FC135327680KAA,,,,smt,Two pin crystal,,
Y2,1,32 Hz,ABM8A32000MHZD2YT3,,,,smt,Two pin crystal,,
